{
    "fiqa": {
        "sparse": {
            "precision@1": 0.19135802469135801,
            "recall@1": 0.09674333725259651,
            "precision@5": 0.08148148148148147,
            "recall@5": 0.1913456613688095,
            "precision@10": 0.05648148148148149,
            "recall@10": 0.25843314778499965,
            "precision@25": 0.030987654320987653,
            "recall@25": 0.335507106919144
        },
        "dense": {
            "precision@1": 0.3472222222222222,
            "recall@1": 0.17140281272225713,
            "precision@5": 0.16759259259259257,
            "recall@5": 0.36705632758873497,
            "precision@10": 0.10447530864197531,
            "recall@10": 0.44130556086574607,
            "precision@25": 0.05351851851851852,
            "recall@25": 0.5505093843056805
        },
        "MOE": {
            "precision@1": 0.33487654320987653,
            "recall@1": 0.16369962342184566,
            "precision@5": 0.15432098765432098,
            "recall@5": 0.3519664020821428,
            "precision@10": 0.10200617283950617,
            "recall@10": 0.44237597107967475,
            "precision@25": 0.052222222222222225,
            "recall@25": 0.5384087149133446
        }
    },
    "scifact": {
        "sparse": {
            "precision@1": 0.51,
            "recall@1": 0.4927777777777777,
            "precision@5": 0.14933333333333332,
            "recall@5": 0.6919444444444444,
            "precision@10": 0.08266666666666665,
            "recall@10": 0.7531666666666667,
            "precision@25": 0.03546666666666667,
            "recall@25": 0.8078333333333333
        },
        "dense": {
            "precision@1": 0.5033333333333333,
            "recall@1": 0.4823333333333333,
            "precision@5": 0.16399999999999998,
            "recall@5": 0.7379444444444444,
            "precision@10": 0.08833333333333332,
            "recall@10": 0.7833333333333333,
            "precision@25": 0.038933333333333334,
            "recall@25": 0.8553333333333334
        },
        "MOE": {
            "precision@1": 0.5533333333333333,
            "recall@1": 0.5284444444444444,
            "precision@5": 0.16799999999999998,
            "recall@5": 0.7647777777777778,
            "precision@10": 0.09266666666666666,
            "recall@10": 0.8253333333333334,
            "precision@25": 0.0404,
            "recall@25": 0.8956666666666668
        }
    }
}