{
    "fiqa": {
        "sparse": {
            "precision@1": 0.19135802469135801,
            "recall@1": 0.09674333725259651,
            "precision@5": 0.08148148148148147,
            "recall@5": 0.1913456613688095,
            "precision@10": 0.05648148148148149,
            "recall@10": 0.25843314778499965,
            "precision@25": 0.030987654320987653,
            "recall@25": 0.335507106919144
        },
        "dense": {
            "precision@1": 0.3472222222222222,
            "recall@1": 0.17140281272225713,
            "precision@5": 0.16759259259259257,
            "recall@5": 0.36705632758873497,
            "precision@10": 0.10447530864197531,
            "recall@10": 0.44130556086574607,
            "precision@25": 0.05351851851851852,
            "recall@25": 0.5505093843056805
        },
        "MOE": {
            "precision@1": 0.35648148148148145,
            "recall@1": 0.17809005552061105,
            "precision@5": 0.16728395061728396,
            "recall@5": 0.3739547874964541,
            "precision@10": 0.10493827160493827,
            "recall@10": 0.44988136006654533,
            "precision@25": 0.05302469135802469,
            "recall@25": 0.549601885597256
        }
    },
    "scifact": {
        "sparse": {
            "precision@1": 0.51,
            "recall@1": 0.4927777777777777,
            "precision@5": 0.14933333333333332,
            "recall@5": 0.6919444444444444,
            "precision@10": 0.08266666666666665,
            "recall@10": 0.7531666666666667,
            "precision@25": 0.03546666666666667,
            "recall@25": 0.8078333333333333
        },
        "dense": {
            "precision@1": 0.5033333333333333,
            "recall@1": 0.4823333333333333,
            "precision@5": 0.16399999999999998,
            "recall@5": 0.7379444444444444,
            "precision@10": 0.08833333333333332,
            "recall@10": 0.7833333333333333,
            "precision@25": 0.038933333333333334,
            "recall@25": 0.8553333333333334
        },
        "MOE": {
            "precision@1": 0.53,
            "recall@1": 0.505111111111111,
            "precision@5": 0.17,
            "recall@5": 0.7747777777777778,
            "precision@10": 0.09233333333333332,
            "recall@10": 0.8236666666666668,
            "precision@25": 0.04026666666666666,
            "recall@25": 0.8923333333333335
        }
    }
}